INSERT INTO client(fcn, address, "e-mail", type) VALUES 
('Куликова Маргарита Дмитриевна', '594978, Ростовская область, город Чехов, наб. Сталина, 86', 'mihexaugrade-3582@yopmail.com', 'физ.'),
('Панина Полина Марковна', '143197, Тюменская область, город Дорохово, проезд Чехова, 06', 'mihe-3582@mail.com', 'физ.'),
('Тимофеев Даниил Дмитриевич', '204731, Челябинская область, город Егорьевск, спуск Космонавтов, 71', 'velma.fay@gmail.com', 'юр.'),
('ООО "Панцирь"', '575383, Томская область, город Москва, пр. Балканская, 03', 'mayer.jennie@gmail.com', 'физ.'),
('Киселева Анастасия Никитична', '251996, Иркутская область, город Павловский Посад, бульвар Косиора, 03', 'mark86@ward.com', 'физ.'),
('Черкасов Александр Максимович', '724490, Костромская область, город Можайск, въезд Балканская, 44', 'kyleigh66@hotmail.com', 'физ.'),
('Голованова Мария Львовна', '440418, Челябинская область, город Видное, наб. 1905 года, 98', 'collier.dorian@gmail.com', 'физ.'),
('Ковалева Анна Григорьевна', '312163, Томская область, город Ногинск, въезд Сталина, 95', 'osinski.deron@wisoky.com', 'физ.'),
('Агеева Анастасия Ивановна', '476715, Оренбургская область, город Дмитров, бульвар Домодедовская, 01', 'heath.schiller@okeefe.com', 'физ.'),
('ООО "ФАД"', '913333, Ярославская область, город Шатура, въезд Ленина, 41', 'gulgowski.jovani@romaguera.com', 'юр.');

INSERT INTO number(number_id, client_id, balance, max_credit, payment_period) VALUES 
(89379959953, 10, 100, 5000, '1 month'::interval),
(89375082191, 9, 101, 5001, '1 day'::interval),
(89379043089, 8, 1022, 5002, '1 month'::interval),
(89373233449, 7, 1, 100, '1 month'::interval),
(89375555269, 6, 50, 16256, '1 day'::interval),
(89372935339, 5, 0, 0, '1 day'::interval),
(89377757047, 4, 13256, 4256, '1 month'::interval),
(89371256958, 3, 5, 333, '1 day'::interval),
(89375757033, 2, 7, 356, '1 day'::interval),
(89374301092, 1, 100000, 50000, '1 year'::interval);

INSERT INTO service(name, subscription_fee_month, subscription_fee_day, validity, connection_cost, structure) VALUES 
('Интернет1', 100, 1, '1 month'::interval, 0, '{"Интернет": "1 Гб"}'),
('Интернет5', 400, 4, '1 month'::interval, 0, '{"Интернет": "5 Гб"}'),
('Интернет10', 700, 7, '1 month'::interval, 0, '{"Интернет": "10 Гб"}'),
('Интернет', 1000, 10, '1 month'::interval, 0, '{"Интернет": "безлимит"}'),
('Звонки100', 150, 2, '1 month'::interval, 0, '{"Звонки": "100 мин"}'),
('Звонки1000', 250, 3, '1 month'::interval, 0, '{"Звонки": "1000 мин"}'),
('SMS100', 40, 1, '1 month'::interval, 0, '{"SMS": "100"}'),
('SMS1000', 250, 4, '1 month'::interval, 0, '{"SMS": "1000"}'),
('Подписка на ЛитРес', 0, 0, '1 month'::interval, 500, '{"Дополнительные услуги": "Подписка на ЛитРес"}'),
('Подписка на Кинопоиск', 0, 0, '1 month'::interval, 500, '{"Дополнительные услуги": "Подписка на Кинопоиск"}');

INSERT INTO service_history(number, service_id, connection_time, disconnection_time, payment_plan) VALUES
(89379959953, 10, '04.10.2021 12:00', '04.11.2021 12:00', '1 month'::interval),
(89375082191, 9, '05.10.2021 12:00', '05.10.2021 12:00', '1 day'::interval),
(89379043089, 8, '04.09.2021 12:00', '04.10.2021 12:00', '1 month'::interval),
(89373233449, 7, '06.10.2021 12:00', '09.10.2021 12:00', '1 month'::interval),
(89375555269, 6, '07.10.2021 12:00', '09.10.2021 12:00', '1 day'::interval),
(89372935339, 5, '08.10.2021 12:00', '09.10.2021 12:00', '1 day'::interval),
(89377757047, 4, '09.10.2021 12:00', '04.11.2021 12:00', '1 month'::interval),
(89371256958, 3, '04.10.2021 12:00', '04.11.2021 12:00', '1 day'::interval),
(89375757033, 2, '01.10.2021 12:00', '04.11.2021 12:00', '1 day'::interval),
(89374301092, 1, '02.10.2021 12:00', '04.11.2021 12:00', '1 month'::interval);

INSERT INTO transactions(number, sum, transaction_time, type) VALUES 
(89379959953, 100, '04.10.2021 12:00', 'зачисление'),
(89375082191, 90, '05.10.2021 12:00', 'списание'),
(89379043089, 80, '04.09.2021 12:00', 'зачисление'),
(89373233449, 70, '06.10.2021 12:00', 'зачисление'),
(89375555269, 60, '07.10.2021 12:00', 'списание'),
(89372935339, 50, '08.10.2021 12:00', 'списание'),
(89377757047, 40, '09.10.2021 12:00', 'зачисление'),
(89371256958, 30, '04.10.2021 12:00', 'списание'),
(89375757033, 200, '01.10.2021 12:00', 'списание'),
(89374301092, 1, '02.10.2021 12:00', 'зачисление');